-- phpMyAdmin SQL Dump
-- version 4.6.6
-- https://www.phpmyadmin.net/
--
-- Host: localhost:3306
-- Generation Time: Sep 23, 2017 at 04:42 PM
-- Server version: 5.5.52-MariaDB-cll-lve
-- PHP Version: 5.6.30

SET SQL_MODE = "NO_AUTO_VALUE_ON_ZERO";
SET time_zone = "+00:00";


/*!40101 SET @OLD_CHARACTER_SET_CLIENT=@@CHARACTER_SET_CLIENT */;
/*!40101 SET @OLD_CHARACTER_SET_RESULTS=@@CHARACTER_SET_RESULTS */;
/*!40101 SET @OLD_COLLATION_CONNECTION=@@COLLATION_CONNECTION */;
/*!40101 SET NAMES utf8mb4 */;

--
-- Database: `sksg_`
--

-- --------------------------------------------------------

--
-- Table structure for table `hints`
--

CREATE TABLE `hints` (
  `hint_id` int(11) NOT NULL,
  `hint_desc` text NOT NULL,
  `hint_img` varchar(255) NOT NULL,
  `hint_order` int(2) NOT NULL,
  `hint_question_id` int(11) NOT NULL
) ENGINE=InnoDB DEFAULT CHARSET=utf8;

--
-- Dumping data for table `hints`
--

INSERT INTO `hints` (`hint_id`, `hint_desc`, `hint_img`, `hint_order`, `hint_question_id`) VALUES
(2, 'Инструмент для использования: памятник\r\n', '', 1, 2),
(3, 'Фрагмент подсказка', 'aldarkose/1.png', 3, 2),
(4, 'У акына есть книжка, перед ним разложены каменные плиты, количество которых и есть ответ на данный вопрос.\n', '', 4, 2),
(5, 'Инструмент для использования: памятники\r\n', '', 1, 3),
(6, 'Фрагмент подсказка', 'aldarkose/2.png', 3, 3),
(7, 'На аллейке поставлен памятник голодающим, мать и дитя на руках. Подойдите к памятнику, отнимите год начала от года конца. Получившуюся цифру умножьте на 30.', '', 4, 3),
(8, 'Инструмент для использования: Здание\r\n', '', 1, 4),
(9, 'Фрагмент подсказка', 'aldarkose/3.png', 3, 4),
(10, 'Это театр. Какого народа? Находится ниже парка, в котором вы находитесь.\n', '', 4, 4),
(11, 'Инструмент для использования: Здание', '', 1, 5),
(12, 'Фрагмент подсказка', 'aldarkose/4.png', 3, 5),
(13, 'Здание находится на пересечении улиц Богенбай батыра - Чайковского. Вам нужно подойти к зданию, посчитать сколько мужчин изображено среди скульптур на стене здания.', '', 4, 5),
(14, 'Инструмент для использования: Скульптуры', '', 1, 6),
(15, 'Фрагмент подсказка', 'aldarkose/5.png', 3, 6),
(16, 'Если пойти вверх по улице Желтоксан, можно увидеть небольшую аллейку. На этой аллейке поставлены две декоративные скульптуры. Нужно ответить, что из себя представляют эти скульптуры.', '', 4, 6),
(17, 'Инструмент для использования: Скульптура', '', 1, 7),
(18, 'Фрагмент подсказка', 'aldarkose/6.png', 3, 7),
(19, 'На Абылай хана- Кабанбай батыра, по Кабанбай батыра, есть скульптура двух животных золотистого цвета. Нужно подойти к ней и узнать, что это за животное.', '', 4, 7),
(20, 'Инструмент для использования: здание', '', 1, 9),
(21, 'Фрагмент подсказка', 'aldarkose/7.png', 3, 9),
(22, 'На стене здания гостиницы  “Алматы” есть два изображения. Нужно посчитать сколько всего коней в двух изображениях в сумме.', '', 4, 9),
(23, 'Инструмент для использования: Памятник', '', 1, 10),
(24, 'Фрагмент подсказка', 'aldarkose/8.png', 3, 10),
(25, 'С двух сторон Оперного театра, есть аллейки. На аллейке, который ближе к улице Фурманова есть памятник этому знаменитому казахскому писателю. Назовите его имя.', '', 4, 10),
(26, 'Инструмент для использования: Здание', '', 1, 11),
(27, 'Фрагмент подсказка', 'aldarkose/9.png', 3, 11),
(28, 'Если выйдя из аллейки идти вверх по улице Фурманова, можно заметить здание школы им К. Сатпаева. Нужно подойти к ней и узнать номер школы.', '', 4, 11),
(29, 'Инструмент для использования: мемориальные доски на стене здания', '', 1, 12),
(30, 'Фрагмент подсказка', 'aldarkose/10.png', 3, 12),
(31, 'На стенах дома по адресу Жамбыла 42 поставлены мемориальные доски, посмотрите кто жил в периоде 1973-1994гг.', '', 4, 12),
(32, 'Инструмент для использования: статуя', '', 1, 14),
(33, 'Фрагмент подсказка', '12druzeyoushena/1.png', 3, 14),
(34, 'На Абылай хана- Кабанбай батыра, по Кабанбай батыра, есть статуя двух животных золотистого цвета. Нужно подойти к нему и узнать, что это за животное. Второй слог названия животного и есть первое слово в названии улицы. Второе слово названия улицы - “стрит”.\n', '', 4, 14),
(36, 'Фрагмент подсказка', '12druzeyoushena/2.png', 2, 15),
(37, 'Буква номера машины, соответствует первой букве в названии улицы, по которой расположено заведение. Музыкальное заведение, это консерватория. У консерватории два здания. В здании, в котором есть название этого учреждения, сбоку есть номер дома. Ваша задача посмотреть номер дома и умножить на 5. \n', '', 3, 15),
(39, 'Фрагмент подсказка', '12druzeyoushena/3.png', 2, 16),
(41, 'Инструмент для использования: здание', '', 1, 17),
(42, 'Фрагмент подсказка', '12druzeyoushena/4.png', 3, 17),
(43, 'На Богенбай батыра - Абылайхана, заканчивается здание консерватории. Посмотрите на крышу этого здания. То, что вы увидите, напомнит вам о знаменитом сооружении в Англии. \n', '', 4, 17),
(45, 'Фрагмент подсказка', '12druzeyoushena/5.png', 2, 18),
(46, 'Нужно указать, кем она была на войне. Каким обученным солдатом она была?\n', '', 3, 18),
(47, 'Инструмент для использования: лавочки', '', 1, 19),
(48, 'Фрагмент подсказка', '12druzeyoushena/6.png', 3, 19),
(49, 'На некоторых лавочках есть железные плиточки, на которых написано название социального проекта и в честь кого оно было сделано. Так же есть название инициативной группы, которое является ответом на данный вопрос. \n\n', '', 4, 19),
(51, 'Фрагмент подсказка', '12druzeyoushena/7.png', 2, 20),
(52, 'На пересечении улиц Толе би - Панфилова есть угловое здание розового цвета. Это здание является памятником и находиться под защитой страны. На стене здании есть плитка, на которой написан год. ', '', 3, 20),
(54, 'Фрагмент подсказка', '12druzeyoushena/8.png', 2, 21),
(55, 'Можете посчитать скамейки сбоку от Вуза, вокруг фонтана. ', '', 3, 21),
(57, 'Фрагмент подсказка', '12druzeyoushena/9.png', 2, 22),
(58, 'В названии Вуза есть названия двух стран. Один Казахстан. А второй?', '', 3, 22),
(60, 'Фрагмент подсказка', '12druzeyoushena/10.png', 2, 23),
(61, 'Напишите фамилию из памятника, который состоит из 6 букв.', '', 3, 23),
(63, 'Фрагмент подсказка', '12druzeyoushena/11.png', 2, 24),
(64, 'Три нижних бюста, поставлены Фрунзе, Жандосову и Жангильдину. Кем были эти люди?', '', 3, 24),
(66, 'Сколько арок снаружи Глобуса?\n', '', 3, 37),
(67, 'Фрагмент подсказка', 'zvezdnyevoyny/11.png', 2, 37),
(69, 'Что написано на Бургер Кинге? А если перевести на русский?\n\n', '', 3, 36),
(70, 'Фрагмент подсказка', 'zvezdnyevoyny/10.png', 2, 36),
(72, 'Театром Шекспира в Лондоне называют Глобус. Какая эмблема у Алматинского Глобуса? Посмотрите на здание.', '', 4, 35),
(73, 'Фрагмент подсказка', 'zvezdnyevoyny/9.png', 3, 35),
(74, 'Инструмент для использования: здание', '', 1, 35),
(75, 'Пересечение каких улиц, означает имена Автора Романа и Название книги?\n“Путь Абая” написал Мухтар Ауэзов. ', '', 4, 34),
(76, 'Фрагмент подсказка', 'zvezdnyevoyny/8.png', 3, 34),
(77, 'Инструмент для использования: улицы, пересечение', '', 1, 34),
(78, 'Перед Вузом на пересечении Абая - Байзакова есть памятник Богине правосудия Фемиде. Укажите что у нее на левой руке. \n', '', 4, 33),
(79, 'Фрагмент подсказка', 'zvezdnyevoyny/7.png', 3, 33),
(80, 'Инструмент для использования: памятник', '', 1, 33),
(81, 'В каком положении находится Ауэзов. Посмотрите на памятник.  \n\n', '', 4, 32),
(82, 'Фрагмент подсказка', 'zvezdnyevoyny/6.png', 3, 32),
(83, 'Инструмент для использования: памятник', '', 1, 32),
(84, 'Количество колонн снаружи здания театра является ответом на вопрос.\n\n', '', 4, 31),
(85, 'Фрагмент подсказка', 'zvezdnyevoyny/5.png', 3, 31),
(86, 'Инструмент для использования: колонны', '', 1, 31),
(87, 'Ответ на вопрос - название животного. Это статуя перед цирком.', '', 4, 30),
(88, 'Фрагмент подсказка', 'zvezdnyevoyny/4.png', 3, 30),
(89, 'Инструмент для использования: статуя', '', 1, 30),
(90, 'Фрагмент подсказка', 'zvezdnyevoyny/3.png', 3, 29),
(91, 'Инструмент для использования: здание похожее на ангар', '', 1, 29),
(92, 'Это здание с голубой крышей. Название Рахат. Что внутри?\n', '', 4, 29),
(93, 'Фрагмент подсказка', 'zvezdnyevoyny/2.png', 2, 28),
(95, 'С двух сторон Дворца спорта, на стене изображены спортсмены. А всех ли спортсменов вы посчитали?\n', '', 4, 27),
(96, 'Фрагмент подсказка', 'zvezdnyevoyny/1.png', 3, 27),
(97, 'Инструмент для использования: изображения на стенах', '', 1, 27),
(98, 'Инструмент для использования: статуя', '', 1, 39),
(99, 'Фрагмент подсказка', 'doktorvatson/1.png', 3, 39),
(100, 'Это животное находится напротив ТРЦ Рамстор', '', 4, 39),
(101, 'Инструмент для использования: памятник', '', 1, 40),
(102, 'Фрагмент подсказка\r\n', 'doktorvatson/2.png', 3, 40),
(103, 'Ниже ТРЦ Рамстор, есть сквер где находится памятник Нургисе Тлендиеву. Нургиса Тлендиев и есть друг Шерлока.', '', 4, 40),
(104, 'Фрагмент подсказка', 'doktorvatson/3.png', 2, 41),
(105, 'Нужно спуститься вниз по скверу который находится напротив Центрального Государственного музея Республики Казахстан.', '', 3, 41),
(106, 'Фрагмент подсказка', 'doktorvatson/4.png', 2, 42),
(107, 'Нужно пройти к резиденции президента и встать напротив забора, по улице Темирязева.', '', 3, 42),
(108, 'Инструмент для использования: клумбы, скейт площадка', '', 1, 43),
(109, 'Фрагмент подсказка', 'doktorvatson/5.png', 3, 43),
(110, 'Если идти вниз от акимата по левой стороне, вы увидите скейт-площадку на которой расположены клумбы. Данную площадку очень тяжело распознать если там никто не катается, поэтому при необходимости спросите у прохожих о ее расположении.', '', 4, 43),
(111, 'Инструмент для использования: памятник, монумент', '', 1, 44),
(112, 'Фрагмент подсказка', 'doktorvatson/6.png', 3, 44),
(113, 'Ниже ТРЦ Алматы есть монумент независимости Алтын Адам. Нужно указать племя золотого человека.', '', 4, 44),
(114, 'Инструмент для использования: памятник \"Рассвет свободы\"', '', 1, 45),
(115, 'Фрагмент подсказка', 'doktorvatson/7.png', 3, 45),
(116, 'На пересечении Сатпаева/Желтоксан, есть памятник который называется “Рассвет свободы”. Название апартамента можно понять внимательно взглянув на памятник.', '', 4, 45),
(117, 'Фрагмент подсказка', 'doktorvatson/8.png', 2, 46),
(118, 'Нужно идти от памятника вниз до ул.Абая, и посчитать количество скамеек.', '', 3, 46),
(119, 'Инструмент для использования: почетные доски на доме.', '', 1, 47),
(120, 'Фрагмент подсказка', 'doktorvatson/9.png', 3, 47),
(121, 'В угловом доме по адресу Абая 51, есть почетные доски. Нужно узнать кто жил в эти года.', '', 4, 47),
(122, 'Фрагмент подсказка', 'doktorvatson/10.png', 2, 48),
(123, 'Аллея находится на пересечении улиц Абая и Наурызбай батыра.', '', 3, 48),
(124, 'Фрагмент подсказка', 'doktorvatson/11.png', 2, 49),
(125, 'Здание на углу Абая Масанчи. Название синего цвета.', '', 3, 49),
(126, 'Инструмент для использования: скульптура двух борцов', '', 1, 50),
(127, 'Фрагмент подсказка', 'doktorvatson/12.png', 3, 50),
(128, 'На пересечении улиц Абая/Байтурсынова есть скульптура двух борцов. Вам нужно указать цвет обуви у второго борца.', '', 4, 50),
(129, 'Инструмент для использования: цифры над памятниками', '', 1, 51),
(130, 'Фрагмент подсказка', 'doktorvatson/13.png', 3, 51),
(131, 'Возле входа в центральный стадион, есть 2 памятника. Нужно указать сумму всех цифр, которые есть над этими памятниками.', '', 4, 51),
(132, 'Ответ расположен в квадрате улиц: Сакен Сейфулина - Богенбай батыра - Наурызбай батыра - Кабанбай батыра', '', 2, 2),
(133, 'Ответ расположен в квадрате улиц: Сакен Сейфулина - Богенбай батыра - Наурызбай батыра - Кабанбай батыра', '', 2, 3),
(134, 'Ответ расположен в квадрате улиц: Сакен Сейфулина - Богенбай батыра - Наурызбай батыра - Кабанбай батыра', '', 2, 4),
(135, 'Ответ расположен в квадрате улиц: Наурызбай батыра - Толе би - Желтоксан - Кабанбай батыра', '', 2, 5),
(136, 'Ответ расположен в квадрате улиц: Наурызбай батыра - Богенбай батыра - Желтоксан - Кабанбай батыра', '', 2, 6),
(137, 'Ответ расположен в квадрате улиц: Абылай хана - Карасай батыра - Фурманова - Кабанбай батыра', '', 2, 7),
(138, 'Ответ расположен в квадрате улиц: Абылай хана - Карасай батыра - Фурманова - Кабанбай батыра', '', 2, 9),
(139, 'Ответ расположен в квадрате улиц: Абылай хана - Кабанбай батыра - Фурманова - Жамбыла', '', 2, 10),
(140, 'Ответ расположен в квадрате улиц: Фурманова - Жамбыла - Тулебаева - Шевченко', '', 2, 11),
(141, 'Ответ расположен в квадрате улиц: Фурманова - Жамбыла - Тулебаева - Шевченко', '', 2, 12),
(142, 'Ответ расположен в квадрате улиц: Абылай хана - Богенбай батыра - Фурманова - Кабанбай батыра', '', 2, 14),
(143, 'Ответ расположен в квадрате улиц: Желтоксан - Богенбай батыра - Панфилова - Кабанбай батыра', '', 1, 15),
(144, 'Ответ расположен в квадрате улиц: Желтоксан - Богенбай батыра - Панфилова - Кабанбай батыра', '', 1, 16),
(145, 'Ответ расположен в квадрате улиц: Желтоксан - Толе би - Панфилова - Карасай батыра', '', 2, 17),
(146, 'Ответ расположен в квадрате улиц: Абылай хана - Толе би - Панфилова - Богенбай батыра', '', 1, 18),
(147, 'Ответ расположен в квадрате улиц: Абылай хана - Толе би - Панфилова - Богенбай батыра', '', 2, 19),
(148, 'Ответ расположен в квадрате улиц: Абылай хана - Казыбек би - Фурманова - Толе би', '', 1, 20),
(149, 'Ответ расположен в квадрате улиц: Абылай хана - Казыбек би - Фурманова - Толе би', '', 1, 21),
(150, 'Ответ расположен в квадрате улиц: Абылай хана - Казыбек би - Фурманова - Толе би', '', 1, 22),
(151, 'Ответ расположен в квадрате улиц: Абылай хана - Айтеке би - Фурманова - Казыбек би', '', 1, 23),
(152, 'Ответ расположен в квадрате улиц: Абылай хана - Айтеке би - Фурманова - Казыбек би', '', 1, 24),
(153, 'Ответ расположен в квадрате улиц: Ади Шарипова - Курмангазы - Байтурсынова - Сатпаева', '', 2, 27),
(154, 'Ответ расположен в квадрате улиц: Ади Шарипова - Курмангазы - Байтурсынова - Сатпаева', '', 1, 28),
(155, 'Ответ расположен в квадрате улиц: река Весновка - Курмангазы - Ади Шарипова - Сатпаева', '', 2, 29),
(156, 'Ответ расположен в квадрате улиц: Муканова - Курмангазы - река Весновка - Сатпаева', '', 2, 30),
(157, 'Ответ расположен в квадрате улиц: Муканова - Курмангазы - река Весновка - Сатпаева', '', 2, 31),
(158, 'Ответ расположен в квадрате улиц: Муканова - Курмангазы - река Весновка - Сатпаева', '', 2, 32),
(159, 'Ответ расположен в квадрате улиц: Биокомбинатская - Абая - Байзакова - Сатпаева', '', 2, 33),
(160, 'Ответ расположен в квадрате улиц: Клочкова - Курмангазы - Манаса - Мынбаева', '', 2, 34),
(161, 'Ответ расположен в квадрате улиц: Ауэзова - Курмангазы - Манаса - Абая', '', 2, 35),
(162, 'Ответ расположен в квадрате улиц: Ауэзова - Курмангазы - Манаса - Абая', '', 1, 36),
(163, 'Ответ расположен в квадрате улиц: Ауэзова - Курмангазы - Манаса - Абая', '', 1, 37),
(164, 'Ответ расположен в квадрате улиц: Фурманова - Жолдасбекова - Мендикулова - Бектурова', '', 2, 39),
(165, 'Ответ расположен в квадрате улиц: Фурманова - Сатпаева - Мендикулова - Жолдасбекова', '', 2, 40),
(166, 'Ответ расположен в квадрате улиц: Фурманова - Сатпаева - Мендикулова - Жолдасбекова', '', 1, 41),
(167, 'Ответ расположен в квадрате улиц: Желтоксан - Сатпаева - Фурманова - Жолдасбекова', '', 1, 42),
(168, 'Ответ расположен в квадрате улиц: Желтоксан - Сатпаева - Фурманова - Жолдасбекова', '', 2, 43),
(169, 'Ответ расположен в квадрате улиц: Желтоксан - Абая - Фурманова - Сатпаева', '', 2, 44),
(170, 'Ответ расположен в квадрате улиц: Наурызбай батыра - Абая - Байсеитовой - Сатпаева', '', 2, 45),
(171, 'Ответ расположен в квадрате улиц: Наурызбай батыра - Абая - Байсеитовой - Сатпаева', '', 1, 46),
(172, 'Ответ расположен в квадрате улиц: Наурызбай батыра - Курмангазы - Желтоксан Абая', '', 2, 47),
(173, 'Ответ расположен в квадрате улиц: Сакен Сейфулина - Курмангазы - Наурызбай батыра -  Абая', '', 1, 48),
(174, 'Ответ расположен в квадрате улиц: Масанчи - Курмангазы - Сакен Сейфулина -  Абая', '', 1, 49),
(175, 'Ответ расположен в квадрате улиц: Ади Шарипова - Курмангазы - Байтурсынова -  Сатпаева', '', 2, 50),
(176, 'Ответ расположен в квадрате улиц: Шагабутдинова - Курмангазы - Байтурсынова -  Сатпаева', '', 2, 51);

-- --------------------------------------------------------

--
-- Table structure for table `questions`
--

CREATE TABLE `questions` (
  `question_id` int(11) NOT NULL,
  `question_desc` text NOT NULL,
  `question_answ` varchar(255) NOT NULL,
  `question_fact` text NOT NULL,
  `question_order` int(11) NOT NULL,
  `question_quest_id` int(11) NOT NULL,
  `question_img` varchar(255) NOT NULL,
  `question_map` varchar(255) NOT NULL
) ENGINE=InnoDB DEFAULT CHARSET=utf8;

--
-- Dumping data for table `questions`
--

INSERT INTO `questions` (`question_id`, `question_desc`, `question_answ`, `question_fact`, `question_order`, `question_quest_id`, `question_img`, `question_map`) VALUES
(2, 'Перед уходом Алдара, друг говорил ему, что отправит послание, когда узнает новость, через знакомого акына. Этот акын часто бывает в двух ханствах, чтобы читать свои стихи. У акына есть ученики и один из учеников может указать Алдару путь к его секретному посланию. Ваша задача найти этого акына и узнать сколько у него учеников.', '7, Семь', 'Изтлеуов имеет большое значение для казахской нации, современного развития казахстанского социума и для мирового сообщества. Соединяя народы Азии, внедряя индоевропейскую культуру с изысканиями, он показал красоту персидского стиха. Перевел на казахский поэму Фирдоуси «Шахнаме». Значительные работы поэта составляют рубаи, лирические стихотворения, афоризмы, басни.', 2, 3, 'aldarkose/1.png', ''),
(3, 'От друга пришло послание, где он извещает Алдара, через сколько дней его Султан планирует наступать. Алдар долго смотрел на послание и ничего не смог понять. В послании было написано : “Война отбирает у семей их кормильца, отца, брата. Не дадим женщинам и детям голодать и страдать без них”.<br />\nЧтобы посчитать количество дней, нужно подойти к памятнику голодающим и посчитать разницу в годах. Полученное число умножить на 30.', '60', 'Голод в Казахстане 1931–1933 годов — часть общесоюзного голода, вызванного официальной политикой «уничтожения кулачества как класса», коллективизацией, увеличением центральными властями плана заготовок продовольствия, а также конфискации скота у казахов. В Казахстане этот голод также принято называть «голощекинским».', 3, 3, 'aldarkose/2.jpg', ''),
(4, 'Разгадав послание, Алдар понял, что ему нужно поторопиться. К султану с пустыми руками приходить нельзя. Нужно преподнести достойный дар. В этом ему могли помочь бродячие артисты. Алдару нужно направиться к тому месту, где должны были выступать артисты. Помогите Алдару найти искомое место?', 'уйгурский театр, уйгурскийтеатр, уигурскии театр, уигурскиитеатр, уигурский театр, уигурскийтеатр, уйгурского, уйгурскогонарода, уйгурского народа', 'Государственный республиканский уйгурский театр музыкальной комедии имени Куддуса Кужамьярова первый и единственный в мире профессиональный театр уйгурского народа. Зарождение уйгурского театра в Казахстане относится к началу 1920-х годов, когда в Алма-Ате был открыт клуб национальных меньшинств, где работал уйгурский драматический кружок.', 4, 3, 'aldarkose/3.jpg', ''),
(5, 'С вашей помощью Алдар встретился с артистами. \nСреди артистов была одна женщина, но  Алдар забыл сколько было мужчин. Один из мужчин держал двух собак.<br />\nСколько Мужчин среди артистов? <br />\nЧтобы найти ответ на этот вопрос, вам необходимо подойти к зданию на стенах которых возведены скульптуры. Спускаясь вниз по Наурызбай батыра, идите направо по улице Богенбай батыра.', '3, три, три мужчин, тримужчин, трое, троемужчин', 'Рельеф — вид изобразительного искусства, один из основных видов скульптуры, в котором всё изображаемое создаётся с помощью объёмов, выступающих из плоскости фона. В настоящее время рельеф как способ украсить интерьер и экстерьер здания используется повсеместно — на фасадах общественных зданий, в частных интерьерах.', 5, 3, 'aldarkose/4.png', ''),
(6, 'Алдар заплатил артистам хорошую оплату, за то, чтобы они преподнесли дар султану как подобает.<br />\nУ артистов оказалась просьба к Алдару, выполнив которую, он сможет преждевременно увидеть заготовленный подарок султану.<br />\nТакова была их просьба: Алдару необходимо найти лакомство для их питомцев.<br />\nЧто же это может быть? Идите вверх по Желтоксан и внимательно смотрите по сторонам.', 'кости, кость, асык', 'Асык — надпяточная кость овцы (в основном баранов) и реже другого мелкого рогатого скота. Асычки помимо игр и гадания используются также как часть музыкальных инструментов. Например в казахском национальном музыкальном инструменте жетыген, схожем с монгольским ятга, асыки используются в качестве передвижных порожков для струн.', 6, 3, 'aldarkose/5.jpg', ''),
(7, 'Как и договорились, артисты направили Алдара посмотреть на подарок, который они повезут. <br />\nПоищите подарок хану по улице Кабанбай батыра, начиная с ее пересечения с улицей Абылай хана. <br />\nТо, что вы ищите, является “тезкой” легендарного сооружения Камелот.<br />\nВведите ответ в примере: 10 яблок', 'верблюд, верблюды, два верблюда, дваверблюда, 2 верблюда, 2верблюда', 'Интересные факты о верблюдах:  Верблюды могут выпивать до 200 литров воды за раз. Вопреки бытующему заблуждению, горб верблюдов не хранит воду. В нем накапливается жир, помогающий понизить высокую температуру всей остальной части тела. Они могут полностью закрыть свои ноздри от ветра и песка когда необходимо. Форма их ноздрей позволяет им сохранять водный пар и возвращать его к телу как жидкость.', 7, 3, 'aldarkose/6.jpg', ''),
(9, 'Итак, мы знаем, что подарим султану. Теперь, Алдару-косе и вам нужно запрячь коней и поскакать к султану.<br />\nЗнакомый Алдара Иссык поможет вам с конями. Сколько коней он сможет предоставить? Узнайте.<br />\nЧтобы ответить на данный вопрос, нужно посчитать количество всех коней, изображенных на стене здания голубого цвета, перед которыми фонтаны.', '3, три, триконя, три коня, трое, трое коней, троеконей, трое лошадей, троелошадей', 'Гостиница «Алма-Ата» – одно из тех культовых зданий города, которые определяли его облик с 60-х годов прошлого века. Революционная для прошлого века архитектура, элитность, даже, можно сказать, эксклюзивность. «Алма-Ата» была построена несколькими годами ранее гостиницы «Казахстан», и именно она принимала всех именитых гостей, приезжавших в столицу КазССР со всего Союза.', 8, 3, 'aldarkose/7.jpg', ''),
(10, 'Поскакали к султану. Там вас встретит посланник. Ваша задача узнать его. Как его зовут? <br />\nОн будет ждать вас на аллейке возле театра оперы и балета.<br />\nИмя посланника схоже с именем человека, в честь которого в Алматы есть памятники, также назван театр.', 'Мухтар Ауезов, Мухтар, ауэзов, мухтарауэзов', 'Коротковолновые составляющие солнечного спектра рассеиваются в воздухе сильнее, чем длинноволновые. Именно поэтому мы видим небо синим — ведь синий цвет находится на коротковолновом конце видимого спектра. По аналогичной причине во время заката или рассвета небо на горизонте окрашивается в красные тона.Мухтар Омарханович Ауэзов — советский казахский писатель, драматург и учёный. Лауреат Ленинской (1959) и Сталинской премии первой степени (1949). Академик АН Казахской ССР (1946), председатель Союза писателей Казахстана. Его двухтомный роман «Путь Абая» вошёл в «Библиотеку всемирной литературы».', 9, 3, 'aldarkose/8.jpg', ''),
(11, 'Этого посланника отправил друг Алдара. От него Алдар узнал секретное слово. <br />\nСекретным словом послужил номер школы им К.Сатпаева, который находится по улице Фурманова, выше аллейки в которой вы находитесь.', '56, пятьдесят шесть, пятьдесятшесть', 'Школа № 56 является одной из старейших в городе. Было построено в 1926 году. Благодаря расположению в «золотом квадрате», в школу поступали дети известных культурных деятелей, политиков и ученых. Здесь обучались дети и внуки Каныша Сатпаева, Муканова, Ауэзова, сын Жамал Омаровой, дочь Бибигуль Тулегеновой. Среди известных выпускников значится и Дарига Назарбаева. В 1964 году школа была переименована в честь Сатпаева.', 10, 3, 'aldarkose/9.jpg', ''),
(12, 'Во дворе султана Алдар говорит секретное слово воинам, охранявшим его величество. Предъявленного доказательства оказывается достаточно. Воины убеждаются, что Алдар является важным посланником, и его сообщение немедленно должно быть доставлено Великому султану. Досмотрев джигита и забрав его оружие, они пропускают Алдара-Косе в юрту. А за ним следуют и артисты с подарком для султана. Артисты правильно делают свое дело, красиво преподносят подарок хану через представление. Хан доволен подарком, он весел и благосклонен. Алдар этому рад. Теперь его очередь предстать перед ханом. Он говорит так, чтобы убедить хана, заключить долгосрочный мир и стать родней с его правителем. Султан выслушав слова Алдара, отвечает:<br />\n- Раз ты пришел ко мне от имени своего хана, значит ты достаточно умен. Я дам тебе задание. Если ты выполнишь его правильно, я соглашусь на ваши условия!<br />\nИтак, задание от султана таково:<br />\nБыл друг, хоть бедный, но великий человек!<br />\nОн мне давал всегда ценнейший совет.<br />\nУслышав вас, я вспомнил те слова,<br />\nХочу услышать имя друга от тебя, Алдар - сказал султан.<br />\nКак звали друга Султана, который дал ему совет в пользу Алдара?<br />\nИмя друга Султана похоже на имя человека, который жил в доме Жамбыла 42 в периоде 1973-1994гг.', 'тахауи ахтанов, тахауи, ахтанов, тахауиахтанов', 'Тахауи Ахтанов, 25 октября 1923 — 25 сентября 1994 — казахский советский писатель и драматург, участник Великой Отечественной войны, народный писатель Казахстана (1992). Ахтанов относится к тому поколению казахских писателей, которые вошли в литературу в послевоенные годы. Драматические произведения Ахтанова неоднократно ставились на сценах казахских театров.', 11, 3, 'aldarkose/10.jpg', ''),
(13, 'Приветствую вас, друзья! <br />\nВы, конечно, попали не в Лас-Вегас, но проявить все свои умения придется!!!<br />\nТак уж случилось, что после удачного ограбления Терри Бенедикта, моя бывшая жена Тэсс сбежала, прихватив одну из 6 сумок с деньгами! Там, между прочим, около 27 миллионов американских долларов!!! Зря я ей доверился!<br />\nИ вот, я вновь собрал всю свою команду, чтобы вернуть эту сумку! Отлично, что вы сегодня все собрались! Нам не хватает людей, и я прошу вас помочь мне!<br />\nНачнем?', 'question_introduction', '', 1, 4, '12druzeyoushena/0.jpg', ''),
(14, 'Перед тем как скрыться, она попалась в поле зрения своего коллеги. Нужно найти его и узнать, что он видел и что заметил. Найдите ее коллегу. Где он живёт?<br />\nОтветом на данный вопрос будет разгадка ребуса: второй слог названия животного золотистого цвета. + слово “стрит”', 'блюд стрит, блюд street, блю стрит, блюдстрит, блюдstreet, блюстрит', 'Интересные факты о верблюдах:  Верблюды могут выпивать до 200 литров воды за раз. Вопреки бытующему заблуждению, горб верблюдов не хранит воду. В нем накапливается жир, помогающий понизить высокую температуру всей остальной части тела. Они могут полностью закрыть свои ноздри от ветра и песка когда необходимо. Форма их ноздрей позволяет им сохранять водный пар и возвращать его к телу как жидкость.', 2, 4, '12druzeyoushena/1.jpg', ''),
(15, 'Мы узнали у коллеги, что Тэсс уезжала на красном кадиллаке. Чей он? Нужно узнать номер машины.<br />\nНомерной знак машины состоит из следующих букв и числа: это первая буква улицы, на которой находится искомое здание. А номер машины – это число на здании, которое является учебным музыкальным заведением. Число умножить на 5.', 'а430, а450, a430, a450, а 430, а 450, a 430, a 450', 'Казахская национальная консерватория – ведущий музыкальный вуз Республики Казахстан, обеспечивающий профессиональную подготовку специалистов в сфере музыкального образования. Вуз выпустил множество выдающихся исполнителей и деятелей искусств, достойно представляющих наше государство, как в ближнем, так и дальнем зарубежье.', 3, 4, '12druzeyoushena/2.jpg', ''),
(16, 'По номеру машины мы вышли на хозяина. Он оказался давним приятелем Тэсс, который был у нас на свадьбе! Я так и знал, что между ними не просто дружба. Где-то в моем блокноте были записаны его данные. Как же вспомнить его имя?<br />\nОтветом будет имя человека, в честь которого поставлен памятник недалеко от вас.', 'Курмангазы Сагырбайулы, курмангазы, kurmangazy, КурмангазыСагырбайулы', 'Курмангазы казахский народный музыкант, композитор, домбрист, автор кюев (пьес для домбры). Оказал большое влияние на развитие казахской музыкальной культуры. Композиторы Казахстана широко использовали его кюи в своих больших и малых произведениях. Именем Курмангазы названы учебные заведения, музыкальные коллективы, улицы и районы.', 4, 4, '12druzeyoushena/3.jpg', ''),
(17, 'Мы нашли его! Приятель Тэсс утверждает, что он никакого отношения к краже не имеет. В тот день Тэсс попросила его отвезти ее после работы в аэропорт. Сказала, что должна лететь к родителям. Потому что они хотят устроить праздник к моему дню рождения и это будет сюрприз. Надо же как придумала! Нужно узнать, куда она улетела, и поскорее задержать!<br />\nЯ предполагаю, что она улетела в тот город, где есть это известное всему миру сооружение. Вы увидите нечто похожее на Богенбай батыра - Абылайхана. Смотрите внимательно по сторонам.', 'Лондон, london', 'Единственные в Алматы башенные часы. В них используется устройство GPS-навигации, которое постоянно контролирует точность работы часов. 13 колоколам соответствуют 13 клавиш на музыкальной клавиатуре, подключенной к компьютеру. Это позволяет консерватории управлять башенным боем, колоколами, которые могут воспроизвести любую мелодию, исполненную на клавишах.', 5, 4, '12druzeyoushena/4.jpg', ''),
(18, 'В аэропорту сказали, что пассажира с таким именем не было с прошлого года. Это было на рождество, когда мы летали отдыхать. Вот черт, неужели она поменяла свои данные? Нужно узнать, где нелегально делают паспорта. А именно название этой организации.<br />\nЧтобы ответить на этот вопрос, нужно найти памятник двум девушкам, подойти к нему и ответить на вопрос, кем является та, что слева относительно вас.', 'снайпер, sniper, снаипер', 'Это памятник двум храбрым девушкам. Открытие памятника прошло 25 октября 1997 года, на церемонии присутствовал президент Казахстана, члены правительства. Скульптор — Сатыбалдин К. К. Сюжет памятника является условным, так как Алия и Маншук друг с другом даже не были знакомы. Памятник установлен на месте памятника Ленину.', 6, 4, '12druzeyoushena/5.jpg', ''),
(19, 'Мы нашли этого чувака, который помог ей с паспортом. Но с легкостью выдавать информацию он не хочет. Предлагает заключить сделку! А суть этой сделки такова: он скажет, как теперь звучит имя моей бывшей жены, а мы должны толкнуть его товар одному закупщику. Вот блин, чёрное дело не кстати. Но больше никто не скажет, как сейчас найти Тэсс. Ок, по рукам!<br />\nЕсли найти метку, можно выйти на этого закупщика. Что за метка?<br />\nКакая организация занималась социальным проектом “Легенды любимого города”? Ищите ответ на этой аллее.', 'самрук, samruk', 'Основной целью социально-общественного проекта «Легенды любимого города» является формирование патриотического сознания молодежи на примере современников Казахстана, значимости заслуг деятелей культуры, внесших большой личный вклад в развитие и приумножение духовного и интеллектуального потенциала страны. ', 7, 4, '12druzeyoushena/6.jpg', ''),
(20, 'Итак, мы с ним встретились, но, чтобы доказать ему, что мы не копы, нужно сказать пароль.<br />\nЧтобы ответить на данный вопрос напишите, какого года постройки архитектурный памятник, который находится под защитой страны.', '1955', 'Бывшее административное здание Казпотребсоюза (Толе би - Панфилова). Построено в 1953—1957 годы. Сооружение по своей типологии относится к зарождавшимся в 1950-е годы новым методам проектирования и строительства жилья. Сочетало торговые (на первом этаже), административные и жилые (на верхних этажах) помещения.', 8, 4, '12druzeyoushena/7.jpg', ''),
(21, 'Пароль принят. Мы дали товар, а он нам деньги. Тот торговец паспортами говорил, что деньги лучше закинуть к нему через терминал. Так безопаснее и он вне подозрений. Какой номер его электронного кошелька?<br />\nЧтобы ответить на этот вопрос, напишите столько единиц, сколько скамеек вокруг одного из фонтанов в районе старой площади.', '11111111', 'Одной из ярких особенностей Алматы является большое количество фонтанов, число которых год от года растет. Первый фонтан в городе появился в 1948 году, а сегодня их численность превышает 125, и это еще не предел. Сегодня большая часть фонтанов принадлежит частным лицам, и лишь 61 находится в ведомстве муниципалитета.', 9, 4, '12druzeyoushena/8.jpg', ''),
(22, 'Итак, мы завершили сделку. Торговец паспортами сказал, что продал паспорт на имя Джорджии Уотсон. Что же, надо снова поехать в аэропорт и сверить рейсы. Мы узнали, что она улетела в город, название которого связано с ВУЗом неподалёку от вас.', 'Великобритания, Англия, Британия, Britain, England', 'Дом правительства Казахской ССР (ныне - КБТУ). Памятник архитектуры, истории и культуры (внесен в реестр республиканского значения с 1980 г). На стенах здания мемориальные доски. Здесь приняты 25 октября 1990 г. «Декларация о Государственном суверенитете Казахской ССР» и 16 декабря 1991 г. «Конституционный закон о государственной независимости Республики Казахстан».', 10, 4, '12druzeyoushena/9.png', ''),
(23, 'Я все же был прав. Надо лететь в Лондон. Я даже предполагаю, где она остановилась.<br />\nИтак, мы добрались в Лондон. Скорее всего Тэсс в одной из гостиниц. Нужно проверить базу клиентов всех гостиниц по ее новому имени.<br />\nНазвание гостиницы - это фамилия человека, кому был поставлен памятник в сквере за упомянутым Вузом. Сходите туда, посчитайте у кого, фамилия состоит из 6 букв.', 'Фрунзе, Михаил Васильевич Фрунзе, frunze, Михаил Васильевич', 'Михаил Васильевич Фрунзе (партийный псевдоним — Арсений, Трифоныч) — российский и советский политический и военный деятель, военный теоретик, революционер, один из наиболее крупных военачальников Красной армии во время Гражданской войны.', 11, 4, '12druzeyoushena/10.jpg', ''),
(24, 'Мы узнали, где сейчас Тэсс. Мы зашли в номер. Я увидел Тесс с какими-то мужчинами. Они что-то обсуждали. При виде меня Тэсс, мягко говоря, удивилась. Я отвел ее в сторону и спросил, зачем она все это делает, и кто все эти люди. Она рассказала мне свою историю, о том, как задолжала одному мафиози и ей срочно нужно было вернуть деньги, потому что иначе ее могли убить. И поэтому она решилась украсть мои деньги. \nОна отдала деньги кому-то из этих мужчин. Тот передал деньги другому, и тут все разом вытащили свое оружие и объявили:” Руки вверх и не двигаться!”\nВопрос: кто нас поймал?<br />\nОтветом на этот вопрос является, то, что объединяет три нижних бюста слева относительно Вуза.', 'комиссары, комиссар, комисары, комисар', 'Бюсты пламенным деятелям революционного периода и социалистической эпохи. Социальная революция - способ перехода от исторически изжившей себя общественно экономической формации к более прогрессивной, коренной качественный переворот во всей социально экономической структуре общества.', 12, 4, '12druzeyoushena/11.jpg', ''),
(25, 'Однажды Алдар-Косе пришел к Алаша-хану и сказал, что знает одну тайну и желает поведать об этом. Хан стал слушать, а Алдар-Косе начал так:<br />\n— Господин! Вчера я был в соседнем ханстве, ходил туда проведать друга. Друг мой служит при дворе Султана, он мне поведал, что их султан желает завоевать нашу землю и готовит войска. Я против войны, погибнут люди и, поэтому придумал как можно предотвратить это.<br />\n— И что же ты придумал? — спросил хан<br />\n— Дай мне помощников и один батман золота. Я все сам сделаю! — сказал Алдар-косе, и Султан сам придет к тебе с предложением сватать твою прекрасную дочь и заключить мир на все времена.<br />\n— А если ты обманешь меня? — сказал хан — потратишь золото, заберешь моих людей, а война не отменится, что тогда я должен сделать с тобой?<br />\n— Тогда лишишь меня жизни — сказал Алдар-Косе. <br />\nДал хан ему золота на три тысячи дилла и в качестве помощников выбрал Вас.<br />\nДорогие друзья! Ваша задача помочь Алдару-косе в его замысле предотвратить войну между двумя ханствами и спасти народ. А мы вам в этом поможем!<br />\nНачнем?', 'question_introduction', '', 1, 3, 'aldarkose/0.png', ''),
(26, 'Приветствую земляне! Не ожидали? А Дарт Вейдер жив!!! <br />\nЯ похитил Принцессу Лею и спрятал в тайной комнате, а подсказки разбросал по десяткам галактик! А на нужную вам планету уже направлен луч Звезды Смерти! Чтобы найти все подсказки, вам придется изрядно поломать голову. Но учтите, что отгадать все мои загадки вам не удастся!!!  Ха-ха-ха! Не нужно недооценивать силу Темной стороны!!!  Времени мало! Поспешите!', 'question_introduction', '', 1, 5, 'zvezdnyevoyny/0.jpg', ''),
(27, 'Итак, задание первое. Чтобы приблизиться к разгадке координат планеты, где спрятан ключ от тайной комнаты, Вам надо назвать радиус этой планеты.<br />\nКоличество спортсменов, изображенных на межгалактическом корабле, умноженное на 1 000 даст радиус планеты в км.<br />\nНа этом межгалактическом корабле проходят разные спортивные состязания.', '19000 км, 19000 километров, 19000км, 19000, 19 000 км, 19 000, 1900 км, 1900 километров, 1900км, 1900', 'Дворец спорта и культуры имени Балуана Шолака — дворец спорта в Алма-Ате, бывший Дворец спорта им. 50-летия Октября. Построен в 1967 году (архитектор Владимир Кацев), реконструирован в 2010 году. После реконструкции находится в частном владении ТОО «Спортивно-культурный комплекс».', 2, 5, 'zvezdnyevoyny/1.jpg', ''),
(28, 'Вот это скорость, вы явно починили гиперпривод… Этого я никак не ожидал... Ну тем быстрее вы доберетесь до следующей галактики. А ее название  вы сможете найти, если найдете в окружении название ТРЦ и уберете последние 5 букв.<br />Ха-ха...посмотрим, как вы теперь полетите дальше!!! Только узнав название галактики, вы узнаете на каких \"планетах\" находятся подсказки. А Звезда Смерти уже почти готова к тому, чтобы уничтожить все живое!', 'Пром, Prom\r\n', 'Скорость вращения Земли вокруг Солнца равняется 108,000 км/ч. То есть наша планета проделывает путь в 940000000 км за одну орбиту. Один оборот занимает 365.242199 средних солнечных дней. Это и объясняет, почему нужен дополнительный календарный день каждые четыре года (во время високосного года).', 3, 5, 'zvezdnyevoyny/2.jpg', ''),
(29, 'Что? Вы уже в галактике \"Пром\"? Как вы вообще летите на разобранном корабле..?<br />\nНу что ж, а теперь вам придется не сладко. Следующая подсказка находится в логове ситхов. Их логово хранит то, чего нет в искомой планете. Вам никогда не найти ее!!!!<br />\nЛоговом могло бы послужить то, где обычно находятся самолеты.', 'вода, бассейн, бассеин', 'Интересные факты о воде: Состав мантии Земли содержит в 10-12 раз больше воды, чем Мировой океан.Если организм человека потеряет более 10% воды, то это может привести к смерти. Морская вода замерзает при температуре  -1,91°C. Воды иногда  замерзает и при плюсовой температуре. Вода прозрачна лишь для видимых лучей и сильно поглощает инфракрасную радиацию.', 4, 5, 'zvezdnyevoyny/3.jpg', ''),
(30, 'Вы оказались гораздо смышленее, чем я ожидал... А теперь ищите то место, где создавалась армия клонов (зверей)!!! Только узнав имя ситха захватившего ваш корабль, вы пройдете на следующий уровень! То, что вы ищете ходит на четырех ногах.', 'Барс', 'Казахский государственный цирк — главный цирк Казахстана. Заслуженный коллектив Казахской ССР, казахский цирковой коллектив Союзгосцирка, создан в 1970 году. Здание цирка строилось по прямой инициативе первого секретаря ЦК Компартии Казахской ССР Динмухамеда Кунаева. ', 5, 5, 'zvezdnyevoyny/4.jpg', ''),
(31, 'Куда указал путь ситх? Это еще одна планета с подсказкой. Эта планета держится на солдатах империи. Вам не победить, не узнав сколько их. Узнайте сколько тут солдат и сразитесь с ними! Ответ кроется в деталях здания, в сторону которого смотрел ситх.', '8, восемь', 'Казахский Государственный академический театр драмы им. М. О. Ауэзова был основан в 1926 году 13 января в Кзыл-Орде. Первой постановкой театра стала трагедия «Енлик-Кебек» М.Ауэзова и «Алтын сакина» К. Кеменгерулы. В 1928 году театр переехал в новую столицу республики в Алмату. Спектакли идут на казахском языке с синхронным переводом на русский язык.', 6, 5, 'zvezdnyevoyny/5.jpg', ''),
(32, 'Что же это такое? Кто-то сбил программу взлета вашего корабля и поменял пароль. Вам нужно найти пароль, который заведет корабль! Зашифрованное сообщение вам поможет!<br />\nМ. О. А.<br />\nПоложение (действие)', 'сидит, Сидит на троне, Сидячее', 'Мухтар Омарханович Ауэзов — советский казахский писатель, драматург и учёный. Лауреат Ленинской (1959) и Сталинской премии первой степени (1949). Академик АН Казахской ССР (1946), председатель Союза писателей Казахстана. Его двухтомный роман «Путь Абая» вошёл в «Библиотеку всемирной литературы».', 7, 5, 'zvezdnyevoyny/6.jpg', ''),
(33, 'Как? Вы смогли взлететь? Ну что-ж, мои солдаты перепрограммировали вам курс полета и только ответив на вопрос, вы сможете восстановить настройки корабля. Ха-ха, а не то, попадете в бездну и навсегда исчезнете из галактики!  Я уверен этот вопрос вам не по зубам:<br />\nНазовите, что на левой руке у богини древних греков, которая в силу своей деятельности никогда не должна была \"взирать на лица\"?', 'чаша правосудия, весы, чашаправосудия', 'Фемида — в древнегреческой мифологии богиня правосудия, вторая супруга Зевса. Упомянута в гомеровской «Одиссее». У римлян — Юстиция. Весы — древний символ меры и справедливости. На весах правосудия взвешиваются добро и зло, поступки, совершённые смертными при жизни. Посмертная судьба людей зависела от того, какая чаша перевесит.', 8, 5, 'zvezdnyevoyny/7.jpg', ''),
(34, 'Что-то треснуло! В корабле еще кто-то прячется! О о о, да это же один из солдатов Дарт Вейдера, он не успел убежать. Он теперь пленный. На допросе ( как попасть к планете? где спрятали принцессу?) он сказал лишь несколько не связанных между собой слов. Мы подозреваем, что в них скрывается тайный смысл. Вот эти слова: идите по “Пути Абая” как его автор.<br />\nРазгадайте, что он пытался сказать? И куда нас приведут эти слова?', 'Абая Ауезова, Абая-Ауезова, Абая - Ауезова, АбаяАуезова, Ауезова абая, Ауезова-абая, ауезова/абая, ауезоваабая, Ауезова - абая, Абая Ауэзова, Абая-Ауэзова, Абая - Ауэзова, АбаяАуэзова, Ауэзова абая, Ауэзова-абая, ауэзова/абая, ауэзоваабая, Ауэзова - абая', 'Путь Абая — роман-эпопея Мухтара Ауэзова, описывающий жизнь известного казахского поэта Абая Кунанбаева. Широко известен в Казахстане и далеко за его пределами. В романе развернута панорама полной драматизма и противоречий народной жизни, быта и нравов кочевых и оседлых степняков конца XIX века, показана широта и красота вольнолюбивой души казахского народа.', 9, 5, 'zvezdnyevoyny/8.jpg', ''),
(35, 'Вот это другое дело! Вы на правильной планете! Дарт Вейдер оставил здесь знак, который загорится ярким светом и укажет путь к тайной комнате. Найдите этот знак. В Алмате этот знак символизирует то, что в Лондоне еще называют театром Шекспира.', 'яблоко', 'Алматинский апорт – чудо жетысуйской природы, самый древний сорт яблони. Первые упоминания о нем, найденные в монастырских архивах, относятся к 1175 году. По величине, красоте, вкусу и аромату не было ему равных среди яблок всего мира. Он удостаивался высших наград на многих престижных международных выставках. Апорт символ Алматы и гордость казахстанцев.', 10, 5, 'zvezdnyevoyny/9.jpg', ''),
(36, 'Это было фантастически! Вы смогли зажечь свет к своей цели и знаете где принцесса! Однако, в то время, когда вы были заняты этим, пленный солдат смог освободиться и вызвал подкрепление!<br />\nДарт Вейдер: Ха-ха-ха, Штурмовики уже захватили ваш корабль!!! Вам не долететь!<br />\nОбиван Киноби: Джедаи, я задержу их! Найдите ключ!<br />\nДарт Вейдер: Этот ключ секретное слово, которое вы никогда не отгадаете! \nВ том месте где вы сейчас находитесь, есть дом. Дом чего?<br />\nОтвет принимается только на русском.', 'Дом Громадины, ДомГромадины, громадины, воппер, вопер, воппера, вопера', 'Burger King Corporation — американская компания, специализирующейся на гамбургерах, главным образом, на вопперах(в переводе “громадина”). Штаб-квартира находится на территории округа Майами-Дейд, штат Флорида, США. Казахстанская компания «Верный Капитал» заключила договор с «Бургер Кингом» на франшизу на территории Казахстана сроком на 12 лет.', 11, 5, 'zvezdnyevoyny/10.jpg', ''),
(37, 'Вы сумели открыть тайную комнату и спасти принцессу. Однако, на эту планету был направлен луч смерти. А ваш корабль забрали штурмовики. Надо поторопиться и улетать отсюда! Мы можем вызвать помощь. Но нужно просчитать время действия луча так, чтобы наши друзья выбрали правильный путь, чтобы успеть!<br />\nЧтобы рассчитать время, посчитайте сколько арок в здании ТРЦ.', '12, двенадцать', 'Арка — это криволинейный брус плавного обриса, несущая строительная конструкция. Арки впервые появились во II тысячелетии до н. э. в архитектуре Древнего Востока, в частности в Древней Месопотамии, где строительство кирпичных сооружений достигло высокого уровня. Широкое распространение также получили арки в архитектуре Древнего Рима.', 12, 5, 'zvezdnyevoyny/11.jpg', ''),
(38, 'Дорогие друзья!<br />\nЯ прошу Вас о помощи! Шерлок Холмс решил, что я должен пройти испытание, и только пройдя его, смогу дальше работать с ним. Он стал сомневаться в моих способностях? Я разочарован тем, что к нему пришла такая мысль. И все же мне нужно пройти это задание и доказать ему что я достойный помощник!<br />\nС уважением, Доктор Ватсон.', 'question_introduction', '', 1, 6, 'doktorvatson/0.jpg', ''),
(39, 'Не знаю, зачем такое задание. Но это же Шерлок! Он решил проверить мои способности именно такими вопросами. В письме от Шерлока такой вопрос:<br />\n“Какое хищное животное сейчас охотится недалеко от Вас?”', 'Барс', 'Интересные факты о снежном барсе: Снежного барса по праву можно считать рекордсменом по прыжкам в длину среди кошачьих: в погоне за добычей он может прыгнуть на расстояние до 6 метров. Снежный барс  –  самая высокогорная кошка. Максимальная высота, на которой был обнаружен барс, достигает 6000 метров. Котята снежного барса любят зимние забавы,особенно они любят валяться в снегу', 2, 6, 'doktorvatson/1.jpg', ''),
(40, 'К следующему вопросу я должен прийти сам. Однако Шерлок отметил, что нужно применить мои музыкальные способности. Я знаю, что неподалеку проживает композитор. Он наверняка мне поможет.<br />\nЯ не ошибся! Этот композитор знает, что мне нужно. Но поможет мне, если я отвечу на его вопрос:<br />\n- Сколько пуговиц на любимом смокинге композитора?', '6, шесть', 'Дирижер, композитор, музыкант, руководитель оркестра – это все об одном человеке. Имя Нургисы Тлендиева вписано золотыми буквами в историю отечественной музыки. Он написал более 500 музыкальных произведений, многие из которых стали по-настоящему народными, и создал уникальный в своем роде фольклорно-этнографический оркестр.', 3, 6, 'doktorvatson/2.JPG', ''),
(41, 'Композитор дал мне музыкальную шкатулку, открыв которую я смогу ответить на вопрос Шерлока. Но она зашифрована. Пароль из двух цифр.  Одна попытка ввода! К счастью, я могу сначала ввести первую цифру и проверить, а затем вторую.\n<br />\nИтак, какая цифра первая!\n<br />\nОтветом на данный вопрос является количество скамеек, которые вы увидите перед собой, сидя на скамейке, на которую ведут два моста и перед которой три люка.', '3, три', 'Центральный государственный музей является одним из старейших и крупнейших музеев Казахстана и всего Центрально-Азиатского региона. Фондовые коллекции музея насчитывают около 300 тысяч единиц хранения, которые позволяют получить наглядное представление о палеонтологическом прошлом, о древней, средневековой, новой и современной истории и культурном наследии Казахстана.', 4, 6, 'doktorvatson/3.jpg', ''),
(42, 'Отлично первая цифра совпала! Вторую цифру нужно найти по этой инструкции:<br />\n1) Встать лицом к торцу здания, первого руководителя.<br />\n2) Посчитать количество деревьев за ограждением. <br />\n3) Посчитать сумму цифр количества деревьев.', '9, девять', 'В жизни казахского народа много разнообразного содержания часто используемых чисел, которым придавали особую значимость. К священным числам народ относит 3-5-7-9-40. Когда ребенку исполняется 40 дней, его купают в сорока ложках воды и тем самым выводят за сорок дней. Раньше был обычай: девушка любимому дарила платок, к краям которого узлом завязывала 7 или 9 предметов.', 5, 6, 'doktorvatson/4.jpg', ''),
(43, 'Отлично! Я открыл шкатулку - там телефон. Есть непрочитанное сообщение. Чтобы прочитать сообщение, нужно разблокировать телефон. Введите пароль:<br />\nПаролем является число, равное количеству клумб, расположенных на площадке, где катаются люди на доске с 4мя колесами.', '5, пять', 'Скейтбординг появился в конце 1930-х — начале 1950-х годов, в среде калифорнийских сёрферов, которые не могли заниматься сёрфингом, когда не было волн. Первыми скейтами были ящики и доски с прикреплёнными колёсами. Позже ящики были заменены на доски из спрессованных слоёв древесины — похожие на те, которые используются в настоящее время.', 6, 6, 'doktorvatson/5.jpg', ''),
(44, 'Браво! Пароль правильный и я могу прочесть смс!<br />\n<< Здравствуй, Ватсон, я удивлен, и в то же время рад, что ты дошел до этого задания! Прими мои поздравления! Теперь проверим твои знания по истории. Для начала подойди к драгоценному *** ***. Потом отправь ответом на данное сообщение название его племени. >>', 'сак, саки', 'В 1969 — 1970 гг в окрестностях Алматы произошла археологическая сенсация: в ходе раскопок кургана Иссык был обнаружен золотой человек, ставший впоследствии символом Казахстана. Курган исследовал известный ученый Кималь Акишев. Захороненного в кургане сакского царя назвали «казахским Тутанхамоном», а само открытие объявили находкой века. ', 7, 6, 'doktorvatson/6.jpg', ''),
(45, 'Ответ оказался правильным!<br />\n<< Браво, Ватсон! Но это было элементарно! Дальше будет сложнее. Я сейчас расследую одно дело, и ты можешь мне в этом помочь. На “Рассвете свободы”, тебя будет ждать девушка, которая живет на Jeiltocksain 68/91 street. Узнай у нее, в каких апартаментах живут люди, находящиеся рядом с ней.>>', 'юрта, в юрте, в юртах, юрты', 'Основным занятием казахов являлись кочевое и полукочевое скотоводство, что предопределило тип кочевого жилища, которым является казахская юрта. С юртой была связана вся жизнь казаха. Шанырак был семейной реликвией, передавался из поколения в поколение, кара шанырак юрты отца почитался сыновьями как святыня. В серьезных случаях казах клялся, глядя при этом на шанырак. ', 8, 6, 'doktorvatson/7.jpg', ''),
(46, 'Отлично! Я отправил ответ Шерлоку. Теперь я должен выполнить то, что скажет дама. По заданию дамы я должен кое-что передать Шерлоку. Это поможет ему в расследовании. И поэтому она направила меня к Абаю. Он скажет, куда мне идти дальше. Есть секретный код, услышав который, Абай поймет от кого я! Что это за слово?<br />\nЧтобы ответить на данный вопрос, посчитайте сколько скамеек от того места где вы сейчас до Абая.', '10, 10 скамеек, десять, десять скамеек', 'Памятник “Рассвет Свободы” открыт 18 сентября 2006 г. Президентом РК Н.А. Назарбаевым. Две сложные по форме пилоны, символизируют всплеск самосознания народа и падение идеологических канонов, торжество свободы и независимости, скульптура женщины с платком в руках – призыв к примирению, птица – символ стремления к свободе. Рельефное панно, за фигурой женщины, объединяет разлом пилонов. Посвящен событиям декабря 1986 г.', 9, 6, 'doktorvatson/8.jpg', ''),
(47, 'Я подошел к Абаю и сказал ему секретный код. Он услышал меня, но стал убегать и на ходу крикнул фразу, которую я плохо расслышал. Затем он быстро сел в машину и уехал.<br />\n- “Он жил в доме под номером 51… Его зовут …” - это все, что я расслышал.<br />\nО ком он? И все же мне нужно найти этот дом и узнать, кто же там живет. Кто этот человек, который живет по этому адресу? Как его имя?<br />\nЧтобы ответить на данный вопрос, укажите имя человека, который жил в этом доме с 1962 года по 1965 год.', 'Таир, Жароков, Жароков Таир Жарокович, Таир Жарокович', 'Жароков Таир Жарокович Казахский советский поэт. Родился 22 сентября 1908 года в с. Урда Джаныбекского района Уральской области. В 1938−1942 годах — литературный секретарь народного акына Жамбыла Жабаева. Член КПСС с 1939 года. Является участником Великой Отечественной войны. Умер 11 марта 1965 года в Алма-Ате. Похоронен на центральном кладбище города Алма-Аты.', 10, 6, 'doktorvatson/9.jpg', ''),
(48, 'Отлично! Отправлю искомое имя Шерлоку, пусть скажет, что делать дальше. Подождем, что он ответит. Пока жду от него смс, хочется отдохнуть где-нибудь в тенечке. Всего в квартале отсюда есть удобное место, где можно посидеть на лавочке и укрыться от шума улицы.<br />\nНайдите аллейку с кругообразными клумбами, которая находится вдоль улицы Абая. Укажите в ответе количество клумб.', '2, две, два', 'Абай Кунанбаев - великий поэт, писатель, общественный деятель, основоположник современной казахской письменной литературы, реформатор культуры в духе сближения с русской и европейской культурой на основе просвещенного либерального ислама. Его произведения вдохновляют молодое поколение на служение своему народу, поддерживают в нем стремление к знаниям, к развитию наций через культуру.', 11, 6, 'doktorvatson/10.jpg', ''),
(49, 'Пока я шел к аллейке, пришло письмо от Шерлока.<br />\n<<Ты вышел на правильного человека. Я узнал, где он сейчас. Иди туда и возьми у него то, что мне нужно. Поспеши, пока он не ушел!>> <br />\nКуда идти? Что за место?<br />\nДля ответа укажите название здания с колоннами, на верху которых золотые узоры.', 'универсал, universal', 'Казахский орнамент формировался на основе искусства древних скотоводческих племен- саков, усуней, гуннов, тюрков, канглы и кипчаков. В орнаменте отражалось их художественное видение мира. Практически все элементы казахского орнамента \"читались\" в свое время совершенно определенным образом. В настоящее время смысловое значение многих орнаментальных мотивов утрачено.', 12, 6, 'doktorvatson/11.jpg', ''),
(50, 'О, нет! Он уже ушел! Но он оставил мне записку и шнурок от борцовок красного цвета. В записке было написано: “Чтобы найти меня, узнай за кого я болею. Он приведет тебя ко мне. А этот шнурок от обуви его соперника. Удачи в поисках!” Я знаю, где мне его искать! Теперь он от меня не сбежит!<br />\nУкажите какого цвета обувь у спортсмена, за которого болеет Таир, если у его соперника обувь красного цвета.', 'желтого, желтый, жёлтый, жёлтого, синий, синего', 'Казакша курес  — казахская национальная борьба, является одним из древних видов спорта у казахов. В современном Казахстане данное единоборство пользуется большой популярностью.  С 1938 года входит в программу республиканских соревнований. В 2016 году ЮНЕСКО, внесла казакша курес в репрезентативный список нематериального культурного наследия человечества.', 13, 6, 'doktorvatson/12.jpg', ''),
(51, 'Супер! Меня привели к Таиру!  Он дал мне шарф, и сказал, что это именно то, что ищет Шерлок. Так же сказал, что я должен идти к большой шарообразной арене и оттуда отправить сообщение Шерлоку с суммой всех цифр над людьми, которые бегают парами. И тогда меня ждет сюрприз!', '38, тридцать восемь, тридцатьвосемь', 'Центральный стадион г. Алматы построен в 1958 году. Во времена СССР находился в государственной собственности. С распадом СССР передан в коммунальное государственное управление Акимата города Алматы. В мае 2014 года стало известно Об утверждении Комплексного плана приватизации на 2014—2016 годы, по которому «Центральный стадион» будет продано в частную собственность.', 14, 6, 'doktorvatson/13.jpg', '');

-- --------------------------------------------------------

--
-- Table structure for table `quests`
--

CREATE TABLE `quests` (
  `quest_id` int(11) NOT NULL,
  `quest_title` varchar(64) NOT NULL,
  `quest_street` varchar(128) NOT NULL,
  `quest_logo` varchar(255) NOT NULL,
  `quest_img` varchar(255) NOT NULL,
  `quest_cost` int(10) NOT NULL,
  `quest_sale` int(3) NOT NULL,
  `quest_short_desc` varchar(255) NOT NULL,
  `quest_desc` text NOT NULL,
  `quest_ending` text NOT NULL
) ENGINE=InnoDB DEFAULT CHARSET=utf8;

--
-- Dumping data for table `quests`
--

INSERT INTO `quests` (`quest_id`, `quest_title`, `quest_street`, `quest_logo`, `quest_img`, `quest_cost`, `quest_sale`, `quest_short_desc`, `quest_desc`, `quest_ending`) VALUES
(3, 'Алдар косе', 'Наурызбай Батыра - Шевченко', 'aldarkose_quest_1.png', 'aldarkose/концовка.jpg', 5000, 10, 'Приключения Алдар-Косе ', '	Однажды Алдар-Косе пришел к хану своего ханства и сказал, что знает одну тайну и желает поведать об этом хану. Алаша-хан стал слушать, а Алдар-Косе начал так:\n<br />\n— Господин! Вчера я был в соседнем ханстве, ходил туда поведать друга. Друг мой служит при дворе Султана, он мне поведал что их султан желает завоевать нашу землю и готовит войска. Я против войны, погибнут люди и придумал как можно предотвратить это. <br />\n— И что же ты придумал?— Спросил хан<br />\n— Дай мне помощников и один батман золота. Я все сам сделаю,— сказал Алдар-косе,— и Султан сам придет к тебе с предложением засватать твою прекрасную дочь и заключить мир на все времена.<br />\n— А если ты  обманешь меня,— сказал хан,— потратишь золото, заберешь моих людей, а война не отменется, что тогда я должен сделать с тобой?<br />\n— Тогда лишишь меня жизни,— сказал Алдар-Косе. <br />\n        Дал хан ему золота на три тысячи дилла и в качестве помощников выбрал вас.\nДорогие друзья! Ваша задача помочь Алдару-косе в его замысле предотвратить войну между двумя ханствами и спасти народ. А мы вам в этом поможем!\n\n', 'Все верно, Алдар, я увидел в ваших действиях те же намерения.  Я тоже хочу мира и согласия! Скажи своему хану, что мы придем свататься с калымом в 100 лошадей.<br >\nПоздравляем друзья! С вашей помощью Алдару удалось спасти свою жизнь, мир между ханствами и прославиться на весь народ как Алдар-косем!'),
(4, '12 друзей Оушена', '', '', '12druzeyoushena/концовка.jpeg', 0, 0, '', '', 'Ну вот друзья, конец игры! Нас поймали! На этот раз конец таков! Но я уверен, в следующий раз нам повезет, и мы раскрутим с вами и не такое дело!<br />\nВы правильно прошли все этапы! Поздравляем Вас с прохождением игры и желаем море позитивных моментов и ярких эмоций!'),
(5, 'Звездные войны', '', '', 'zvezdnyevoyny/концовка.jpg', 0, 0, '', '', 'Ура а а! Наши друзья успели прилететь за нами! Если бы не ваша помощь, мы бы уже погибли. Мы спасли принцессу и остались живы! Сейчас улетаем с того злосчастного места и будем праздновать победу!<br />\nА этот стих мы придумали для вас, наши герои!<br />\nПодсказки Дарта Вы нашли.<br />\nВсе испытания прошли!<br />\nОчень весело всем было,<br />\nИ да пребудет с Вами Сила!'),
(6, 'Доктор Ватсон', 'Фурманова - Жолдасбекова', '', 'doktorvatson/концовка.jpg', 2500, 0, '', '', 'Я вижу Шерлока! <br />\nВ: Шерлок почему ты здесь и что все это значит?<br />\nШ: Здравствуй Ватсон. Для начала хотел сказать тебе спасибо за то, что принес мой шарф! Я его забыл у Таира, когда мы с ним виделись вчера.<br />\nВ: А как же задания? Зачем ты мне сказал пройти все эти испытания?!<br />\nШ: Ах да, я просто не хотел видеться с Таиром, но как-то нужно было забрать мой шарф. Да и позабавиться решил, дав тебе немного заданий. <br />\nВ: ….<br />\nШ: Вообще-то испытать тебя заданиями, была идея Мэри. Я хотел просто попросить тебя, забрать мой шарф и все.<br />\nВ: Я так и знал, что ты бы не стал меня проверять! Вот Мэри!<br />\nШ: Ладно Ватсон, нас ждет Бейкер стрит! Поспешим! Наверняка уже появились интересные дела! Вперед за приключениями!');

-- --------------------------------------------------------

--
-- Table structure for table `staff`
--

CREATE TABLE `staff` (
  `staff_id` int(11) NOT NULL,
  `staff_cat_id` int(11) NOT NULL,
  `staff_name` varchar(128) NOT NULL,
  `staff_email` varchar(128) NOT NULL,
  `staff_pass` varchar(255) NOT NULL
) ENGINE=InnoDB DEFAULT CHARSET=utf8;

--
-- Dumping data for table `staff`
--

INSERT INTO `staff` (`staff_id`, `staff_cat_id`, `staff_name`, `staff_email`, `staff_pass`) VALUES
(1, 1, 'Yerzhan', 'erzhan.kst@gmail.com', 'd5049342d527ca5ae5bb55a0e74fc381'),
(2, 1, 'Еркежан', 'info@qcity.kz', 'd5049342d527ca5ae5bb55a0e74fc381');

-- --------------------------------------------------------

--
-- Table structure for table `staff_categories`
--

CREATE TABLE `staff_categories` (
  `sc_id` int(11) NOT NULL,
  `sc_name` varchar(64) NOT NULL
) ENGINE=InnoDB DEFAULT CHARSET=utf8;

--
-- Dumping data for table `staff_categories`
--

INSERT INTO `staff_categories` (`sc_id`, `sc_name`) VALUES
(1, 'admin');

-- --------------------------------------------------------

--
-- Table structure for table `users`
--

CREATE TABLE `users` (
  `user_pass` varchar(10) NOT NULL,
  `user_description` varchar(255) NOT NULL,
  `user_created_time` timestamp NOT NULL DEFAULT CURRENT_TIMESTAMP,
  `user_started_time` timestamp NOT NULL DEFAULT '0000-00-00 00:00:00',
  `user_finished_time` timestamp NOT NULL DEFAULT '0000-00-00 00:00:00',
  `user_status` varchar(255) NOT NULL DEFAULT 'not_started',
  `user_quest` int(11) NOT NULL,
  `user_last_question` int(11) NOT NULL DEFAULT '1',
  `user_score` int(3) NOT NULL DEFAULT '0',
  `user_hint_order` int(11) NOT NULL DEFAULT '0',
  `user_creator` int(11) NOT NULL
) ENGINE=InnoDB DEFAULT CHARSET=utf8;

--
-- Dumping data for table `users`
--

INSERT INTO `users` (`user_pass`, `user_description`, `user_created_time`, `user_started_time`, `user_finished_time`, `user_status`, `user_quest`, `user_last_question`, `user_score`, `user_hint_order`, `user_creator`) VALUES
('dJ6kV3', '87772963443 chocolife', '2017-05-27 17:24:39', '2017-05-27 17:30:09', '2017-05-28 15:23:50', 'finished', 4, 12, 30, 3, 1),
('d2ySyx', '+7 707 675 4791 chocolife', '2017-05-29 06:47:36', '2017-05-29 09:50:01', '2017-05-29 11:52:44', 'finished', 6, 16, 54, 0, 1),
('dLCvYC', '+7 707 675 4791 подарок', '2017-05-29 12:22:16', '2017-06-28 08:30:37', '2017-06-28 11:07:44', 'finished', 5, 13, 40, 0, 1),
('dUj7DQ', '+7 705 196 7058 chocolife', '2017-06-03 13:33:33', '2017-06-04 06:13:51', '2017-06-04 10:11:48', 'finished', 4, 12, 46, 3, 1),
('dPQsQH', '+7 707 728 0883 chocolife', '2017-06-07 12:53:38', '2017-06-07 12:56:12', '2017-06-07 14:26:47', 'finished', 4, 13, 47, 0, 1),
('d6SJpF', '+77015142888 chocolife', '2017-06-11 07:15:57', '2017-06-11 07:23:14', '2017-06-11 09:00:59', 'finished', 6, 15, 63, 0, 1),
('dkWmMU', '+77472371536 chocolife', '2017-06-14 06:22:45', '2017-06-17 12:27:49', '2017-06-17 16:59:33', 'finished', 6, 15, 49, 0, 1),
('dckerK', '+7 777 444 07 71 с сайта', '2017-06-16 04:37:42', '2017-06-17 15:55:29', '2017-06-17 19:31:18', 'finished', 6, 15, 58, 0, 1),
('dtanKi', '+7 777 444 07 71 с сайта', '2017-06-16 04:38:18', '2017-06-17 15:43:49', '2017-06-17 16:58:20', 'finished', 5, 31, 121, 0, 1),
('dwSTKO', '+7 775 385 3238 besmart', '2017-06-17 09:29:49', '2017-06-17 11:39:18', '2017-06-17 14:32:44', 'finished', 5, 12, 24, 2, 1),
('d3u1pd', '+7 775 925 2123 besmart', '2017-06-17 09:42:27', '2017-06-17 11:17:11', '2017-06-17 12:59:08', 'finished', 5, 12, 20, 3, 1),
('dPmZs9', '+7 747 414 4722 chocolife', '2017-06-19 14:35:16', '2017-06-19 15:39:57', '2017-06-19 17:12:22', 'finished', 6, 15, 64, 0, 1),
('dTUJEW', '+7 701 335 2255 besmart', '2017-06-19 15:10:35', '2017-06-19 15:41:53', '0000-00-00 00:00:00', 'started', 6, 10, 31, 0, 1),
('dtYadd', '+77472371536 chocolife', '2017-06-26 06:43:41', '2017-07-09 14:55:37', '2017-07-09 16:32:11', 'finished', 5, 13, 42, 0, 1),
('dChYyA', '+77077232637 chocolife', '2017-06-26 08:30:02', '0000-00-00 00:00:00', '0000-00-00 00:00:00', 'not_started', 3, 1, 0, 0, 1),
('dyfR4l', '+7 701 233 3028 chocolife', '2017-06-29 04:59:15', '2017-06-30 09:10:49', '2017-06-30 10:36:33', 'finished', 5, 13, 31, 0, 1),
('dYQqek', '+7 707 107 1667 chocolife', '2017-07-01 08:49:15', '2017-07-01 13:13:57', '2017-07-02 11:38:32', 'finished', 3, 12, 33, 0, 1),
('dGK1Hq', '+7 702 220 5666 besmart', '2017-07-01 11:46:36', '2017-07-01 13:07:06', '2017-07-01 14:42:25', 'finished', 6, 15, 61, 0, 1),
('deP9zl', '+7 707 107 1667 подарок', '2017-07-02 06:23:41', '2017-07-28 07:47:17', '0000-00-00 00:00:00', 'started', 6, 2, 0, 0, 1),
('dMsMFE', '+7 777 448 1133 besmart', '2017-07-05 10:24:09', '2017-07-05 11:14:11', '2017-07-05 12:44:57', 'finished', 3, 11, 26, 4, 1),
('dbfSen', '+7 771 454 2445 chocolife', '2017-07-09 13:37:39', '2017-07-09 13:39:27', '2017-07-09 15:03:22', 'finished', 4, 13, 48, 0, 1),
('dzjhFK', '+7 701 914 9942​⁠​ с сайта', '2017-07-10 14:28:43', '2017-07-10 14:35:22', '0000-00-00 00:00:00', 'started', 6, 8, 26, 4, 1),
('dOGFMx', '87014047723 chocolife', '2017-07-11 05:22:28', '2017-07-11 10:47:17', '2017-07-11 11:36:43', 'finished', 4, 13, 50, 0, 1),
('dlV7kQ', '+7 777 875 4908 besmart', '2017-07-12 06:15:24', '2017-07-13 07:53:48', '0000-00-00 00:00:00', 'started', 3, 9, 20, 2, 1),
('dL271s', '+7 707 466 8918 besmart', '2017-07-12 13:44:53', '2017-07-12 18:30:21', '2017-07-12 20:15:47', 'finished', 6, 15, 58, 0, 1),
('dkghLf', '+43 660 3997677\r\n+7 701 245 57 09\r\nchocolife', '2017-07-12 18:55:04', '2017-07-12 19:01:23', '2017-07-12 19:55:54', 'finished', 4, 13, 49, 0, 1),
('dXAf4J', '+43 660 3997677 chocolife', '2017-07-15 17:30:27', '2017-07-15 17:44:27', '2017-07-15 18:56:23', 'finished', 6, 15, 63, 0, 1),
('dc1Aih', '+7 700 777 7282\r\nс сайта', '2017-07-17 06:56:18', '2017-07-17 09:39:43', '2017-07-17 11:30:39', 'finished', 4, 13, 47, 0, 1),
('d5dHnS', '+7 747 288 7660 besmart', '2017-07-18 04:49:50', '2017-07-18 06:54:20', '2017-07-18 10:43:07', 'finished', 6, 15, 44, 0, 1),
('dYjafi', '+7 747 221 9213 chocolife', '2017-07-18 13:26:31', '2017-07-18 14:37:15', '2017-07-18 15:49:50', 'finished', 4, 13, 47, 0, 1),
('dwfVEX', '+7 747 6474396 chocolife Асан', '2017-07-21 11:27:25', '2017-07-21 11:33:37', '0000-00-00 00:00:00', 'started', 6, 3, 4, 3, 1),
('dhNd2N', 'Тест', '2017-07-22 09:27:49', '2017-07-22 09:29:07', '2017-07-22 11:11:33', 'finished', 5, 13, 18, 0, 1),
('dh10dq', '+7 778 349 1116', '2017-07-22 14:42:23', '2017-07-22 15:27:07', '2017-07-22 18:11:39', 'finished', 4, 13, 34, 0, 1),
('ds5J7T', '87080777020 chocolife', '2017-07-23 05:26:52', '2017-07-23 07:10:30', '2017-07-23 08:10:33', 'finished', 3, 12, 31, 0, 1),
('diX11r', '0', '2017-08-03 07:27:47', '0000-00-00 00:00:00', '0000-00-00 00:00:00', 'not_started', 4, 1, 0, 0, 1),
('dnHp5N', '0', '2017-08-03 07:28:12', '0000-00-00 00:00:00', '0000-00-00 00:00:00', 'not_started', 4, 1, 0, 0, 1),
('dlkvhU', '0', '2017-08-03 07:28:14', '0000-00-00 00:00:00', '0000-00-00 00:00:00', 'not_started', 4, 1, 0, 0, 1),
('d1kPg7', '0', '2017-08-03 07:28:40', '0000-00-00 00:00:00', '0000-00-00 00:00:00', 'not_started', 4, 1, 0, 0, 1),
('dwjg6g', '0', '2017-08-03 07:28:42', '0000-00-00 00:00:00', '0000-00-00 00:00:00', 'not_started', 4, 1, 0, 0, 1),
('dYZSKa', '0', '2017-08-03 07:28:43', '0000-00-00 00:00:00', '0000-00-00 00:00:00', 'not_started', 4, 1, 0, 0, 1),
('dnKBaa', '0', '2017-08-03 07:28:44', '0000-00-00 00:00:00', '0000-00-00 00:00:00', 'not_started', 4, 1, 0, 0, 1),
('dp5cGg', '0', '2017-08-03 07:29:24', '0000-00-00 00:00:00', '0000-00-00 00:00:00', 'not_started', 4, 1, 0, 0, 1),
('drkIkB', '0', '2017-08-03 07:29:56', '0000-00-00 00:00:00', '0000-00-00 00:00:00', 'not_started', 4, 1, 0, 0, 1),
('dMobgc', 'TestName +7777777', '2017-08-03 07:31:04', '0000-00-00 00:00:00', '0000-00-00 00:00:00', 'not_started', 4, 1, 0, 0, 1),
('dg4PbR', 'TestName +7777777', '2017-08-03 07:33:55', '0000-00-00 00:00:00', '0000-00-00 00:00:00', 'not_started', 4, 1, 0, 0, 1),
('dPzGx7', 'TestName +7777777', '2017-08-03 07:33:58', '0000-00-00 00:00:00', '0000-00-00 00:00:00', 'not_started', 4, 1, 0, 0, 1),
('dozEMl', 'TestName +7777777', '2017-08-03 07:33:59', '0000-00-00 00:00:00', '0000-00-00 00:00:00', 'not_started', 4, 1, 0, 0, 1),
('dMXbdf', 'TestName +7777777', '2017-08-03 07:34:01', '0000-00-00 00:00:00', '0000-00-00 00:00:00', 'not_started', 4, 1, 0, 0, 1),
('dHGgRa', 'TestName +7777777', '2017-08-03 07:34:17', '0000-00-00 00:00:00', '0000-00-00 00:00:00', 'not_started', 4, 1, 0, 0, 1),
('dkNSpW', 'TestName +7777777', '2017-08-03 07:34:19', '0000-00-00 00:00:00', '0000-00-00 00:00:00', 'not_started', 4, 1, 0, 0, 1),
('dAW0Un', 'TestName +7777777', '2017-08-03 09:10:01', '0000-00-00 00:00:00', '0000-00-00 00:00:00', 'not_started', 4, 1, 0, 0, 1),
('dCOaTx', 'TestName +7777777', '2017-08-03 09:49:20', '0000-00-00 00:00:00', '0000-00-00 00:00:00', 'not_started', 4, 1, 0, 0, 1),
('djYCCH', 'TestName +7777777', '2017-08-04 18:08:37', '0000-00-00 00:00:00', '0000-00-00 00:00:00', 'not_started', 4, 1, 0, 0, 1),
('dKCZ48', 'TestName +7777777', '2017-08-04 18:14:02', '0000-00-00 00:00:00', '0000-00-00 00:00:00', 'not_started', 4, 1, 0, 0, 1),
('dRjnTm', 'TestName +7777777', '2017-08-04 18:14:03', '0000-00-00 00:00:00', '0000-00-00 00:00:00', 'not_started', 4, 1, 0, 0, 1),
('dsAlSm', 'TestName +7777777', '2017-08-04 18:14:04', '0000-00-00 00:00:00', '0000-00-00 00:00:00', 'not_started', 4, 1, 0, 0, 1),
('dfXAhW', 'TestName +7777777', '2017-08-05 06:38:00', '0000-00-00 00:00:00', '0000-00-00 00:00:00', 'not_started', 4, 1, 0, 0, 1),
('dUvCdv', 'TestName +7777777', '2017-08-06 16:48:13', '0000-00-00 00:00:00', '0000-00-00 00:00:00', 'not_started', 4, 1, 0, 0, 1),
('dvqpi9', '+7 775 450 8198 Instagram', '2017-08-11 07:29:36', '0000-00-00 00:00:00', '0000-00-00 00:00:00', 'not_started', 6, 1, 0, 0, 1),
('dniTbw', '+7 777 741 7552 chocolife', '2017-08-16 04:20:35', '2017-08-19 08:05:24', '2017-08-20 05:35:29', 'finished', 6, 15, 60, 0, 1);

--
-- Indexes for dumped tables
--

--
-- Indexes for table `hints`
--
ALTER TABLE `hints`
  ADD PRIMARY KEY (`hint_id`),
  ADD KEY `hint_question_id` (`hint_question_id`),
  ADD KEY `hint_order` (`hint_order`);

--
-- Indexes for table `questions`
--
ALTER TABLE `questions`
  ADD PRIMARY KEY (`question_id`),
  ADD KEY `question_quest_id` (`question_quest_id`);

--
-- Indexes for table `quests`
--
ALTER TABLE `quests`
  ADD PRIMARY KEY (`quest_id`);

--
-- Indexes for table `staff`
--
ALTER TABLE `staff`
  ADD PRIMARY KEY (`staff_id`),
  ADD KEY `staff_cat_id` (`staff_cat_id`);

--
-- Indexes for table `staff_categories`
--
ALTER TABLE `staff_categories`
  ADD PRIMARY KEY (`sc_id`);

--
-- Indexes for table `users`
--
ALTER TABLE `users`
  ADD KEY `user_quest` (`user_quest`);

--
-- AUTO_INCREMENT for dumped tables
--

--
-- AUTO_INCREMENT for table `hints`
--
ALTER TABLE `hints`
  MODIFY `hint_id` int(11) NOT NULL AUTO_INCREMENT, AUTO_INCREMENT=177;
--
-- AUTO_INCREMENT for table `questions`
--
ALTER TABLE `questions`
  MODIFY `question_id` int(11) NOT NULL AUTO_INCREMENT, AUTO_INCREMENT=52;
--
-- AUTO_INCREMENT for table `quests`
--
ALTER TABLE `quests`
  MODIFY `quest_id` int(11) NOT NULL AUTO_INCREMENT, AUTO_INCREMENT=7;
--
-- AUTO_INCREMENT for table `staff`
--
ALTER TABLE `staff`
  MODIFY `staff_id` int(11) NOT NULL AUTO_INCREMENT, AUTO_INCREMENT=3;
--
-- AUTO_INCREMENT for table `staff_categories`
--
ALTER TABLE `staff_categories`
  MODIFY `sc_id` int(11) NOT NULL AUTO_INCREMENT, AUTO_INCREMENT=2;
--
-- Constraints for dumped tables
--

--
-- Constraints for table `hints`
--
ALTER TABLE `hints`
  ADD CONSTRAINT `hints_ibfk_1` FOREIGN KEY (`hint_question_id`) REFERENCES `questions` (`question_id`);

--
-- Constraints for table `questions`
--
ALTER TABLE `questions`
  ADD CONSTRAINT `questions_ibfk_2` FOREIGN KEY (`question_quest_id`) REFERENCES `quests` (`quest_id`);

--
-- Constraints for table `staff`
--
ALTER TABLE `staff`
  ADD CONSTRAINT `staff_ibfk_1` FOREIGN KEY (`staff_cat_id`) REFERENCES `staff_categories` (`sc_id`);

--
-- Constraints for table `users`
--
ALTER TABLE `users`
  ADD CONSTRAINT `users_ibfk_2` FOREIGN KEY (`user_quest`) REFERENCES `quests` (`quest_id`);

/*!40101 SET CHARACTER_SET_CLIENT=@OLD_CHARACTER_SET_CLIENT */;
/*!40101 SET CHARACTER_SET_RESULTS=@OLD_CHARACTER_SET_RESULTS */;
/*!40101 SET COLLATION_CONNECTION=@OLD_COLLATION_CONNECTION */;
